<?xml version="1.0" encoding="utf-8"?>
<annotation>
<folder>images</folder>
<filename>41a589d1-3.png</filename>
<source>
<database>MyDatabase</database>
<annotation>COCO2017</annotation>
<image>flickr</image>
<flickrid>NULL</flickrid>
<annotator>1</annotator>
</source>
<owner>
<flickrid>NULL</flickrid>
<name>Label Studio</name>
</owner>
<size>
<width>1366</width>
<height>768</height>
<depth>4</depth>
</size>
<segmented>0</segmented>
<object>
<name>Indi75</name>
<pose>Unspecified</pose>
<truncated>0</truncated>
<difficult>0</difficult>
<bndbox>
<xmin>208</xmin>
<ymin>32</ymin>
<xmax>355</xmax>
<ymax>170</ymax>
</bndbox>
</object>
<object>
<name>Indi75</name>
<pose>Unspecified</pose>
<truncated>0</truncated>
<difficult>0</difficult>
<bndbox>
<xmin>76</xmin>
<ymin>536</ymin>
<xmax>259</xmax>
<ymax>739</ymax>
</bndbox>
</object>
<object>
<name>person</name>
<pose>Unspecified</pose>
<truncated>0</truncated>
<difficult>0</difficult>
<bndbox>
<xmin>67</xmin>
<ymin>212</ymin>
<xmax>367</xmax>
<ymax>543</ymax>
</bndbox>
</object>
<object>
<name>person</name>
<pose>Unspecified</pose>
<truncated>0</truncated>
<difficult>0</difficult>
<bndbox>
<xmin>999</xmin>
<ymin>228</ymin>
<xmax>1289</xmax>
<ymax>539</ymax>
</bndbox>
</object>
<object>
<name>person</name>
<pose>Unspecified</pose>
<truncated>0</truncated>
<difficult>0</difficult>
<bndbox>
<xmin>398</xmin>
<ymin>295</ymin>
<xmax>547</xmax>
<ymax>531</ymax>
</bndbox>
</object>
<object>
<name>person</name>
<pose>Unspecified</pose>
<truncated>0</truncated>
<difficult>0</difficult>
<bndbox>
<xmin>589</xmin>
<ymin>301</ymin>
<xmax>735</xmax>
<ymax>536</ymax>
</bndbox>
</object>
<object>
<name>person</name>
<pose>Unspecified</pose>
<truncated>0</truncated>
<difficult>0</difficult>
<bndbox>
<xmin>853</xmin>
<ymin>294</ymin>
<xmax>990</xmax>
<ymax>538</ymax>
</bndbox>
</object>
<object>
<name>person</name>
<pose>Unspecified</pose>
<truncated>0</truncated>
<difficult>0</difficult>
<bndbox>
<xmin>714</xmin>
<ymin>247</ymin>
<xmax>868</xmax>
<ymax>541</ymax>
</bndbox>
</object>
</annotation>
