<?xml version="1.0" encoding="utf-8"?>
<annotation>
<folder>images</folder>
<filename>271d5981-5.png</filename>
<source>
<database>MyDatabase</database>
<annotation>COCO2017</annotation>
<image>flickr</image>
<flickrid>NULL</flickrid>
<annotator>1</annotator>
</source>
<owner>
<flickrid>NULL</flickrid>
<name>Label Studio</name>
</owner>
<size>
<width>1366</width>
<height>768</height>
<depth>4</depth>
</size>
<segmented>0</segmented>
<object>
<name>Indi75</name>
<pose>Unspecified</pose>
<truncated>0</truncated>
<difficult>0</difficult>
<bndbox>
<xmin>69</xmin>
<ymin>541</ymin>
<xmax>259</xmax>
<ymax>744</ymax>
</bndbox>
</object>
<object>
<name>Indi75</name>
<pose>Unspecified</pose>
<truncated>0</truncated>
<difficult>0</difficult>
<bndbox>
<xmin>203</xmin>
<ymin>32</ymin>
<xmax>361</xmax>
<ymax>174</ymax>
</bndbox>
</object>
<object>
<name>person</name>
<pose>Unspecified</pose>
<truncated>0</truncated>
<difficult>0</difficult>
<bndbox>
<xmin>67</xmin>
<ymin>204</ymin>
<xmax>268</xmax>
<ymax>540</ymax>
</bndbox>
</object>
<object>
<name>person</name>
<pose>Unspecified</pose>
<truncated>0</truncated>
<difficult>0</difficult>
<bndbox>
<xmin>276</xmin>
<ymin>229</ymin>
<xmax>461</xmax>
<ymax>535</ymax>
</bndbox>
</object>
<object>
<name>person</name>
<pose>Unspecified</pose>
<truncated>0</truncated>
<difficult>0</difficult>
<bndbox>
<xmin>475</xmin>
<ymin>219</ymin>
<xmax>660</xmax>
<ymax>537</ymax>
</bndbox>
</object>
<object>
<name>person</name>
<pose>Unspecified</pose>
<truncated>0</truncated>
<difficult>0</difficult>
<bndbox>
<xmin>676</xmin>
<ymin>226</ymin>
<xmax>871</xmax>
<ymax>539</ymax>
</bndbox>
</object>
</annotation>
