<?xml version="1.0" encoding="utf-8"?>
<annotation>
<folder>images</folder>
<filename>797866f0-2.png</filename>
<source>
<database>MyDatabase</database>
<annotation>COCO2017</annotation>
<image>flickr</image>
<flickrid>NULL</flickrid>
<annotator>1</annotator>
</source>
<owner>
<flickrid>NULL</flickrid>
<name>Label Studio</name>
</owner>
<size>
<width>1366</width>
<height>768</height>
<depth>4</depth>
</size>
<segmented>0</segmented>
<object>
<name>Indi75</name>
<pose>Unspecified</pose>
<truncated>0</truncated>
<difficult>0</difficult>
<bndbox>
<xmin>206</xmin>
<ymin>28</ymin>
<xmax>346</xmax>
<ymax>168</ymax>
</bndbox>
</object>
<object>
<name>Indi75</name>
<pose>Unspecified</pose>
<truncated>0</truncated>
<difficult>0</difficult>
<bndbox>
<xmin>69</xmin>
<ymin>541</ymin>
<xmax>264</xmax>
<ymax>733</ymax>
</bndbox>
</object>
<object>
<name>person</name>
<pose>Unspecified</pose>
<truncated>0</truncated>
<difficult>0</difficult>
<bndbox>
<xmin>60</xmin>
<ymin>217</ymin>
<xmax>364</xmax>
<ymax>537</ymax>
</bndbox>
</object>
<object>
<name>person</name>
<pose>Unspecified</pose>
<truncated>0</truncated>
<difficult>0</difficult>
<bndbox>
<xmin>988</xmin>
<ymin>219</ymin>
<xmax>1292</xmax>
<ymax>537</ymax>
</bndbox>
</object>
<object>
<name>person</name>
<pose>Unspecified</pose>
<truncated>0</truncated>
<difficult>0</difficult>
<bndbox>
<xmin>587</xmin>
<ymin>295</ymin>
<xmax>736</xmax>
<ymax>531</ymax>
</bndbox>
</object>
<object>
<name>person</name>
<pose>Unspecified</pose>
<truncated>0</truncated>
<difficult>0</difficult>
<bndbox>
<xmin>393</xmin>
<ymin>304</ymin>
<xmax>549</xmax>
<ymax>546</ymax>
</bndbox>
</object>
<object>
<name>person</name>
<pose>Unspecified</pose>
<truncated>0</truncated>
<difficult>0</difficult>
<bndbox>
<xmin>870</xmin>
<ymin>301</ymin>
<xmax>987</xmax>
<ymax>541</ymax>
</bndbox>
</object>
<object>
<name>person</name>
<pose>Unspecified</pose>
<truncated>0</truncated>
<difficult>0</difficult>
<bndbox>
<xmin>749</xmin>
<ymin>256</ymin>
<xmax>862</xmax>
<ymax>532</ymax>
</bndbox>
</object>
</annotation>
