<?xml version="1.0" encoding="utf-8"?>
<annotation>
<folder>images</folder>
<filename>c38c6440-1.png</filename>
<source>
<database>MyDatabase</database>
<annotation>COCO2017</annotation>
<image>flickr</image>
<flickrid>NULL</flickrid>
<annotator>1</annotator>
</source>
<owner>
<flickrid>NULL</flickrid>
<name>Label Studio</name>
</owner>
<size>
<width>1366</width>
<height>768</height>
<depth>4</depth>
</size>
<segmented>0</segmented>
<object>
<name>Indi75</name>
<pose>Unspecified</pose>
<truncated>0</truncated>
<difficult>0</difficult>
<bndbox>
<xmin>231</xmin>
<ymin>26</ymin>
<xmax>362</xmax>
<ymax>157</ymax>
</bndbox>
</object>
<object>
<name>Indi75</name>
<pose>Unspecified</pose>
<truncated>0</truncated>
<difficult>0</difficult>
<bndbox>
<xmin>110</xmin>
<ymin>513</ymin>
<xmax>280</xmax>
<ymax>701</ymax>
</bndbox>
</object>
<object>
<name>person</name>
<pose>Unspecified</pose>
<truncated>0</truncated>
<difficult>0</difficult>
<bndbox>
<xmin>589</xmin>
<ymin>263</ymin>
<xmax>749</xmax>
<ymax>512</ymax>
</bndbox>
</object>
</annotation>
