<?xml version="1.0" encoding="utf-8"?>
<annotation>
<folder>images</folder>
<filename>e7b8b3d7-13.png</filename>
<source>
<database>MyDatabase</database>
<annotation>COCO2017</annotation>
<image>flickr</image>
<flickrid>NULL</flickrid>
<annotator>1</annotator>
</source>
<owner>
<flickrid>NULL</flickrid>
<name>Label Studio</name>
</owner>
<size>
<width>1366</width>
<height>768</height>
<depth>4</depth>
</size>
<segmented>0</segmented>
<object>
<name>Indi75</name>
<pose>Unspecified</pose>
<truncated>0</truncated>
<difficult>0</difficult>
<bndbox>
<xmin>206</xmin>
<ymin>24</ymin>
<xmax>352</xmax>
<ymax>166</ymax>
</bndbox>
</object>
<object>
<name>person</name>
<pose>Unspecified</pose>
<truncated>0</truncated>
<difficult>0</difficult>
<bndbox>
<xmin>386</xmin>
<ymin>187</ymin>
<xmax>1039</xmax>
<ymax>548</ymax>
</bndbox>
</object>
</annotation>
